section,name,value,value_percent
meta,algorithm,ahp,
criteria_weight,Критерий 1,0.3333333333333333,33.33333333333333
criteria_weight,Критерий 2,0.3333333333333333,33.33333333333333
criteria_weight,Критерий 3,0.3333333333333333,33.33333333333333
ranking,Альтернатива 1,0.3333333333333333,33.33333333333333
ranking,Мир,0.3333333333333333,33.33333333333333
ranking,Альтернатива 3,0.3333333333333333,33.33333333333333
